{
  "project_info": {
    "project_number": "344111568753",
    "project_id": "fir-app-huilson",
    "storage_bucket": "fir-app-huilson.appspot.com"
  },
  "client": [
    {
      "client_info": {
        "mobilesdk_app_id": "1:344111568753:android:482b2de016a91e06c7c8d0",
        "android_client_info": {
          "package_name": "com.example.firebaseapp"
        }
      },
      "oauth_client": [
        {
          "client_id": "344111568753-d1ul4d7jeu9jh1749tlfaq7ekkaspabe.apps.googleusercontent.com",
          "client_type": 1,
          "android_info": {
            "package_name": "com.example.firebaseapp",
            "certificate_hash": "ab6ae16eff8b686adf001c53ebee09037d2554d1"
          }
        },
        {
          "client_id": "344111568753-qt3s5kvoev535q0fqmg7dr5qabd5btve.apps.googleusercontent.com",
          "client_type": 3
        }
      ],
      "api_key": [
        {
          "current_key": "AIzaSyBE3AaUxDBW2yMsR6fwmEVyPYwWzUAmNYk"
        }
      ],
      "services": {
        "appinvite_service": {
          "other_platform_oauth_client": [
            {
              "client_id": "344111568753-qt3s5kvoev535q0fqmg7dr5qabd5btve.apps.googleusercontent.com",
              "client_type": 3
            }
          ]
        }
      }
    }
  ],
  "configuration_version": "1"
}