{
  "project_info": {
    "project_number": "19286305025",
    "project_id": "exemplofirebaseaulafinal",
    "storage_bucket": "exemplofirebaseaulafinal.appspot.com"
  },
  "client": [
    {
      "client_info": {
        "mobilesdk_app_id": "1:19286305025:android:ed819d6ee2ec5392afd300",
        "android_client_info": {
          "package_name": "com.example.exemplofirebaseaulafinal"
        }
      },
      "oauth_client": [],
      "api_key": [
        {
          "current_key": "AIzaSyCuwzm4rhLphA69jV-64TMmNg9CYAqR-Mc"
        }
      ],
      "services": {
        "appinvite_service": {
          "other_platform_oauth_client": []
        }
      }
    }
  ],
  "configuration_version": "1"
}