{
  "project_info": {
    "project_number": "248498249043",
    "project_id": "fir-veiculos",
    "storage_bucket": "fir-veiculos.appspot.com"
  },
  "client": [
    {
      "client_info": {
        "mobilesdk_app_id": "1:248498249043:android:865af202071619436455a6",
        "android_client_info": {
          "package_name": "br.edu.utfpr.firebaseveiculos"
        }
      },
      "oauth_client": [],
      "api_key": [
        {
          "current_key": "AIzaSyA7nQyq07GeH2oTOAmhufRTxUcpV2eMHvA"
        }
      ],
      "services": {
        "appinvite_service": {
          "other_platform_oauth_client": []
        }
      }
    }
  ],
  "configuration_version": "1"
}